id,title,description,priority,estimated_hours,complexity,dependencies
1,Data export to CSV/PDF,Implement data export to csv/pdf. Include proper error handling and documentation. Medium priority task.,low,26,3,
2,Internationalization support,Implement internationalization support. Include proper error handling and documentation. Medium priority task.,medium,29,3,
3,User dashboard with analytics,Develop user dashboard with analytics and visualization. Include real-time updates and filtering capabilities. Medium priority task.,low,10,1,"2,1"
4,User profile management,Implement user profile management. Include proper error handling and documentation. Medium priority task.,critical,32,4,
5,Email notification system,Implement email notification system. Include proper error handling and documentation. Medium priority task.,critical,37,4,
6,Internationalization support,Implement internationalization support. Include proper error handling and documentation. Medium priority task.,low,33,4,"4,5"
7,Performance monitoring and alerts,Implement performance monitoring and alerts. Include proper error handling and documentation. Medium priority task.,medium,20,2,"1,3"
8,Logging and error tracking,Implement logging and error tracking. Include proper error handling and documentation. Medium priority task.,medium,21,2,6
9,Real-time chat feature,Implement real-time chat feature. Include proper error handling and documentation. Medium priority task.,medium,18,2,
10,Payment gateway integration,Implement payment gateway integration. Include proper error handling and documentation. Medium priority task.,high,38,4,
11,Performance monitoring and alerts,Implement performance monitoring and alerts. Include proper error handling and documentation. Medium priority task.,medium,22,2,
12,Analytics dashboard for administrators,Develop user dashboard with analytics and visualization. Include real-time updates and filtering capabilities. Medium priority task.,high,30,3,
13,Role-based access control,Implement role-based access control. Include proper error handling and documentation. Medium priority task.,high,35,4,
14,Role-based access control,Implement role-based access control. Include proper error handling and documentation. Medium priority task.,low,37,4,
15,File upload and storage functionality,Implement file upload and storage functionality. Include proper error handling and documentation. Medium priority task.,low,36,4,
16,Mobile responsive design,Implement mobile responsive design. Include proper error handling and documentation. Medium priority task.,medium,19,2,
17,User feedback collection system,Implement user feedback collection system. Include proper error handling and documentation. Medium priority task.,low,34,4,
18,Mobile responsive design,Implement mobile responsive design. Include proper error handling and documentation. Medium priority task.,low,18,2,
19,Mobile responsive design,Implement mobile responsive design. Include proper error handling and documentation. Medium priority task.,medium,39,4,
20,REST API endpoints for user management,Create REST API endpoints for  user management. Include proper authentication and error handling. High priority task.,medium,37,4,
21,Data export to CSV/PDF,Implement data export to csv/pdf. Include proper error handling and documentation. Medium priority task.,high,34,4,
22,Internationalization support,Implement internationalization support. Include proper error handling and documentation. Medium priority task.,high,10,1,7
23,User feedback collection system,Implement user feedback collection system. Include proper error handling and documentation. Medium priority task.,low,30,3,
24,Logging and error tracking,Implement logging and error tracking. Include proper error handling and documentation. Medium priority task.,critical,37,4,"9,13"
25,Logging and error tracking,Implement logging and error tracking. Include proper error handling and documentation. Medium priority task.,low,33,4,
26,User profile management,Implement user profile management. Include proper error handling and documentation. Medium priority task.,high,9,1,
27,Data export to CSV/PDF,Implement data export to csv/pdf. Include proper error handling and documentation. Medium priority task.,high,36,4,
28,User profile management,Implement user profile management. Include proper error handling and documentation. Medium priority task.,medium,30,3,
29,Security audit and vulnerability fixes,Implement security audit and vulnerability fixes. Include proper error handling and documentation. Medium priority task.,high,15,1,
30,Mobile responsive design,Implement mobile responsive design. Include proper error handling and documentation. Medium priority task.,high,21,2,
31,Cache implementation for performance,Implement cache implementation for performance. Include proper error handling and documentation. Medium priority task.,critical,20,2,
32,Performance monitoring and alerts,Implement performance monitoring and alerts. Include proper error handling and documentation. Medium priority task.,critical,21,2,29
33,Payment gateway integration,Implement payment gateway integration. Include proper error handling and documentation. Medium priority task.,high,30,3,"24,28"
34,Performance monitoring and alerts,Implement performance monitoring and alerts. Include proper error handling and documentation. Medium priority task.,low,33,4,
35,Cache implementation for performance,Implement cache implementation for performance. Include proper error handling and documentation. Medium priority task.,high,23,2,
36,User dashboard with analytics,Develop user dashboard with analytics and visualization. Include real-time updates and filtering capabilities. Medium priority task.,critical,10,1,
37,Security audit and vulnerability fixes,Implement security audit and vulnerability fixes. Include proper error handling and documentation. Medium priority task.,medium,28,3,
38,Performance monitoring and alerts,Implement performance monitoring and alerts. Include proper error handling and documentation. Medium priority task.,critical,17,2,
39,Analytics dashboard for administrators,Develop user dashboard with analytics and visualization. Include real-time updates and filtering capabilities. Medium priority task.,critical,24,3,20
40,Role-based access control,Implement role-based access control. Include proper error handling and documentation. Medium priority task.,critical,22,2,33
41,Database schema design and implementation,Design and implement database schema for the application. Include proper indexing and relationships. Normal priority task.,medium,22,2,
42,Security audit and vulnerability fixes,Implement security audit and vulnerability fixes. Include proper error handling and documentation. Medium priority task.,medium,23,2,"12,28"
43,Cache implementation for performance,Implement cache implementation for performance. Include proper error handling and documentation. Medium priority task.,low,15,1,22
44,Email notification system,Implement email notification system. Include proper error handling and documentation. Medium priority task.,medium,31,3,
45,Email notification system,Implement email notification system. Include proper error handling and documentation. Medium priority task.,critical,31,3,
46,Database schema design and implementation,Design and implement database schema for the application. Include proper indexing and relationships. Normal priority task.,high,30,3,"14,20"
47,Real-time chat feature,Implement real-time chat feature. Include proper error handling and documentation. Medium priority task.,high,21,2,
48,User dashboard with analytics,Develop user dashboard with analytics and visualization. Include real-time updates and filtering capabilities. Medium priority task.,medium,37,4,
49,Payment gateway integration,Implement payment gateway integration. Include proper error handling and documentation. Medium priority task.,critical,33,4,
50,Search functionality with filters,Implement search functionality with filters. Include proper error handling and documentation. Medium priority task.,high,14,1,
51,Internationalization support,Implement internationalization support. Include proper error handling and documentation. Medium priority task.,medium,25,3,
52,Data export to CSV/PDF,Implement data export to csv/pdf. Include proper error handling and documentation. Medium priority task.,low,22,2,"51,51"
53,User profile management,Implement user profile management. Include proper error handling and documentation. Medium priority task.,critical,27,3,10
54,Analytics dashboard for administrators,Develop user dashboard with analytics and visualization. Include real-time updates and filtering capabilities. Medium priority task.,high,10,1,"46,26"
55,Email notification system,Implement email notification system. Include proper error handling and documentation. Medium priority task.,low,34,4,
56,User feedback collection system,Implement user feedback collection system. Include proper error handling and documentation. Medium priority task.,low,36,4,"44,32"
57,Email notification system,Implement email notification system. Include proper error handling and documentation. Medium priority task.,low,20,2,
58,Data export to CSV/PDF,Implement data export to csv/pdf. Include proper error handling and documentation. Medium priority task.,low,10,1,
59,Cache implementation for performance,Implement cache implementation for performance. Include proper error handling and documentation. Medium priority task.,low,24,3,
60,Email notification system,Implement email notification system. Include proper error handling and documentation. Medium priority task.,medium,8,1,"50,2"
61,Cache implementation for performance,Implement cache implementation for performance. Include proper error handling and documentation. Medium priority task.,high,11,1,17
62,File upload and storage functionality,Implement file upload and storage functionality. Include proper error handling and documentation. Medium priority task.,high,10,1,55
63,Performance monitoring and alerts,Implement performance monitoring and alerts. Include proper error handling and documentation. Medium priority task.,low,30,3,
64,REST API endpoints for user management,Create REST API endpoints for  user management. Include proper authentication and error handling. High priority task.,low,22,2,
65,Internationalization support,Implement internationalization support. Include proper error handling and documentation. Medium priority task.,medium,10,1,37
66,Payment gateway integration,Implement payment gateway integration. Include proper error handling and documentation. Medium priority task.,medium,26,3,
67,Logging and error tracking,Implement logging and error tracking. Include proper error handling and documentation. Medium priority task.,low,19,2,13
68,Real-time chat feature,Implement real-time chat feature. Include proper error handling and documentation. Medium priority task.,medium,23,2,
69,File upload and storage functionality,Implement file upload and storage functionality. Include proper error handling and documentation. Medium priority task.,critical,16,2,2
70,Data export to CSV/PDF,Implement data export to csv/pdf. Include proper error handling and documentation. Medium priority task.,low,37,4,"47,58"
71,User profile management,Implement user profile management. Include proper error handling and documentation. Medium priority task.,low,13,1,
72,Email notification system,Implement email notification system. Include proper error handling and documentation. Medium priority task.,medium,11,1,
73,Real-time chat feature,Implement real-time chat feature. Include proper error handling and documentation. Medium priority task.,medium,38,4,
74,User dashboard with analytics,Develop user dashboard with analytics and visualization. Include real-time updates and filtering capabilities. Medium priority task.,low,40,5,"10,44"
75,User feedback collection system,Implement user feedback collection system. Include proper error handling and documentation. Medium priority task.,high,14,1,
76,Analytics dashboard for administrators,Develop user dashboard with analytics and visualization. Include real-time updates and filtering capabilities. Medium priority task.,medium,40,5,
77,Security audit and vulnerability fixes,Implement security audit and vulnerability fixes. Include proper error handling and documentation. Medium priority task.,high,11,1,"3,72"
78,REST API endpoints for user management,Create REST API endpoints for  user management. Include proper authentication and error handling. High priority task.,high,36,4,"31,17"
79,Email notification system,Implement email notification system. Include proper error handling and documentation. Medium priority task.,high,32,4,
80,Analytics dashboard for administrators,Develop user dashboard with analytics and visualization. Include real-time updates and filtering capabilities. Medium priority task.,high,29,3,"39,17"
81,User authentication with OAuth2,Implement secure user authentication system with OAuth2 integration. Include password reset functionality and session management. This feature depends on database setup being complete.,low,19,2,
82,User dashboard with analytics,Develop user dashboard with analytics and visualization. Include real-time updates and filtering capabilities. Medium priority task.,low,27,3,53
83,Role-based access control,Implement role-based access control. Include proper error handling and documentation. Medium priority task.,low,21,2,
84,User dashboard with analytics,Develop user dashboard with analytics and visualization. Include real-time updates and filtering capabilities. Medium priority task.,low,8,1,
85,User feedback collection system,Implement user feedback collection system. Include proper error handling and documentation. Medium priority task.,low,24,3,
86,Payment gateway integration,Implement payment gateway integration. Include proper error handling and documentation. Medium priority task.,critical,20,2,"2,5"
87,Performance monitoring and alerts,Implement performance monitoring and alerts. Include proper error handling and documentation. Medium priority task.,high,16,2,15
88,File upload and storage functionality,Implement file upload and storage functionality. Include proper error handling and documentation. Medium priority task.,low,16,2,
89,REST API endpoints for user management,Create REST API endpoints for  user management. Include proper authentication and error handling. High priority task.,high,24,3,2
90,Internationalization support,Implement internationalization support. Include proper error handling and documentation. Medium priority task.,high,28,3,
91,Payment gateway integration,Implement payment gateway integration. Include proper error handling and documentation. Medium priority task.,critical,14,1,61
92,User dashboard with analytics,Develop user dashboard with analytics and visualization. Include real-time updates and filtering capabilities. Medium priority task.,low,17,2,
93,REST API endpoints for user management,Create REST API endpoints for  user management. Include proper authentication and error handling. High priority task.,high,29,3,
94,Payment gateway integration,Implement payment gateway integration. Include proper error handling and documentation. Medium priority task.,critical,24,3,"18,36"
95,Data export to CSV/PDF,Implement data export to csv/pdf. Include proper error handling and documentation. Medium priority task.,medium,9,1,
96,Payment gateway integration,Implement payment gateway integration. Include proper error handling and documentation. Medium priority task.,high,15,1,
97,Search functionality with filters,Implement search functionality with filters. Include proper error handling and documentation. Medium priority task.,low,34,4,
98,Security audit and vulnerability fixes,Implement security audit and vulnerability fixes. Include proper error handling and documentation. Medium priority task.,low,12,1,
99,Performance monitoring and alerts,Implement performance monitoring and alerts. Include proper error handling and documentation. Medium priority task.,high,10,1,
100,Security audit and vulnerability fixes,Implement security audit and vulnerability fixes. Include proper error handling and documentation. Medium priority task.,high,21,2,
