id,title,description,priority,complexity,estimated_hours,status,tasks,assigned_to
1,Security audit and vulnerability fixes,Conduct a comprehensive security audit of the application and implement fixes for identified vulnerabilities.,critical,1,31.0,completed,"Review application architecture for security vulnerabilities, Conduct penetration testing, Implement security fixes, Update security documentation, Verify security compliance",8.0
2,Logging and error tracking,Implement comprehensive logging and error tracking system for monitoring application health.,critical,1,10.0,completed,"Design logging architecture, Implement error tracking system, Create log aggregation pipeline, Set up alerting for critical errors, Develop log analysis dashboard",8.0
3,Database schema design and implementation,Design and implement efficient database schema for the application with proper relationships.,medium,1,22.0,completed,"Analyze data requirements, Design database schema, Implement database migrations, Create database indexes, Test database performance",8.0
4,User authentication with OAuth2,Implement secure user authentication system using OAuth2 protocol.,high,2,18.0,completed,"Design authentication flow, Implement OAuth2 integration, Create session management, Develop password reset functionality, Test authentication security",8.0
5,REST API endpoints for user management,Create RESTful API endpoints for managing user accounts and profiles.,high,2,24.0,backlog,"Design API specification, Implement REST endpoints, Create API documentation, Add request validation, Test API functionality",
6,User dashboard with analytics,Develop user dashboard with data visualization and analytics features.,medium,3,28.0,backlog,"Design dashboard layout, Implement data visualization, Create dashboard filters, Add real-time updates, Test dashboard performance",
7,Payment gateway integration,Integrate third-party payment gateway for processing transactions.,high,4,32.0,backlog,"Research payment gateway options, Implement payment processing, Create transaction history, Add refund functionality, Test payment security",
8,Email notification system,Implement email notification system for user alerts and system notifications.,medium,2,16.0,backlog,"Design email templates, Implement email sending, Create email queue system, Add email tracking, Test email delivery",
9,File upload and storage functionality,Implement secure file upload and storage system with proper validation.,medium,3,20.0,backlog,"Design file upload interface, Implement file storage, Add file validation, Create file preview, Test upload performance",
10,Search functionality with filters,Create advanced search functionality with multiple filter options.,medium,3,18.0,backlog,"Design search architecture, Implement search indexing, Create search filters, Add search suggestions, Test search relevance",
11,User profile management,Develop user profile management system with privacy settings.,medium,2,14.0,backlog,"Design profile page, Implement profile updates, Add profile picture upload, Create privacy settings, Test profile functionality",
12,Role-based access control,Implement role-based access control system for securing application features.,high,4,26.0,backlog,"Design permission system, Implement role management, Create access control UI, Add permission inheritance, Test access security",
13,Real-time chat feature,Develop real-time chat functionality using WebSockets.,low,5,30.0,backlog,"Design chat architecture, Implement WebSocket connection, Create message storage, Add chat notifications, Test chat performance",
14,Data export to CSV/PDF,Implement functionality to export data in CSV and PDF formats.,low,2,12.0,backlog,"Design export formats, Implement CSV export, Create PDF export, Add export scheduling, Test export functionality",
15,Mobile responsive design,Ensure all application components are fully responsive for mobile devices.,medium,3,24.0,in_progress,"Analyze current design, Implement responsive layout, Test on mobile devices, Optimize images for mobile, Test cross-browser compatibility",3.0
16,User Profile Enhancement,Add profile picture upload and bio section to user profiles,medium,1,12.0,backlog,"Design profile page, Implement profile updates, Add profile picture upload, Create privacy settings, Test profile functionality",
17,Develop password reset request form,Task for sprint: Enable users to reset their passwords through email.,medium,1,5.0,backlog,"Analyze requirements, Create basic implementation",
18,Implement email sending functionality,Task for sprint: Enable users to reset their passwords through email.,medium,1,5.0,backlog,"Analyze requirements, Create basic implementation",
19,Create password reset page,Task for sprint: Enable users to reset their passwords through email.,medium,1,5.0,in_progress,"Analyze requirements, Create basic implementation",3.0
20,Implement password update logic,Task for sprint: Enable users to reset their passwords through email.,high,1,6.0,backlog,"Analyze requirements, Create basic implementation",
21,Develop confirmation page,Task for sprint: Enable users to reset their passwords through email.,medium,1,5.0,backlog,"Analyze requirements, Create basic implementation",
22,Test password reset functionality,Task for sprint: Enable users to reset their passwords through email.,medium,1,4.333333333333334,backlog,"Analyze requirements, Create basic implementation",
23,Add login page ,Create new user,medium,3,8.0,backlog,"Design architecture, Implement core features, Create unit tests, Document API",
24,Add login page ,Create new user,medium,3,8.0,backlog,"Design architecture, Implement core features, Create unit tests, Document API",
25,Add login page ,Create new user,medium,3,8.0,backlog,"Design architecture, Implement core features, Create unit tests, Document API",
26,Add login page ,Create new user,medium,3,8.0,backlog,"Design architecture, Implement core features, Create unit tests, Document API",
27,Add login page ,Create new user,medium,3,8.0,backlog,"Design architecture, Implement core features, Create unit tests, Document API",
28,New API creation,APi endpoint added,medium,3,2.0,backlog,"Design architecture, Implement core features, Create unit tests, Document API",
29,Design password reset flow,Task for sprint: Enable users to reset their passwords through email.,medium,3,5.0,backlog,"Design password reset flow, Implement password reset request form, Create secure token generation, Implement email notification system, Develop password update page, Test password reset functionality",
30,Design password reset flow,Task for sprint: Enable users to reset their passwords through email.,medium,3,5.0,backlog,"Design password reset flow, Implement password reset request form, Create secure token generation, Implement email notification system, Develop password update page, Test password reset functionality",
